title,type,size,v_id,available,price,url
Black/Red Orange Frost Logo Sweater,,S,42643404259537,False,104.00,https://hiidef.xyz/products/orange-frost-logo-sweater-red?variant=42643404259537
Black/Red Orange Frost Logo Sweater,,M,42643404292305,False,104.00,https://hiidef.xyz/products/orange-frost-logo-sweater-red?variant=42643404292305
Black/Red Orange Frost Logo Sweater,,L,42643404325073,True,104.00,https://hiidef.xyz/products/orange-frost-logo-sweater-red?variant=42643404325073
Black/Red Orange Frost Logo Sweater,,XL,42643404357841,True,104.00,https://hiidef.xyz/products/orange-frost-logo-sweater-red?variant=42643404357841
Black/Red Orange Frost Logo Sweater,,XL,42643404390609,True,104.00,https://hiidef.xyz/products/orange-frost-logo-sweater-red?variant=42643404390609
Coral Frost 3m Reflective T-Shirt,T-Shirts,S,42643429294289,True,42.00,https://hiidef.xyz/products/orange-frost-reflective-t-shirt?variant=42643429294289
Coral Frost 3m Reflective T-Shirt,T-Shirts,M,42644307116241,True,42.00,https://hiidef.xyz/products/orange-frost-reflective-t-shirt?variant=42644307116241
Coral Frost 3m Reflective T-Shirt,T-Shirts,L,42644307149009,True,42.00,https://hiidef.xyz/products/orange-frost-reflective-t-shirt?variant=42644307149009
Coral Frost 3m Reflective T-Shirt,T-Shirts,XL,42644307181777,True,42.00,https://hiidef.xyz/products/orange-frost-reflective-t-shirt?variant=42644307181777
Coral Frost 3m Reflective T-Shirt,T-Shirts,XL,42644307214545,True,42.00,https://hiidef.xyz/products/orange-frost-reflective-t-shirt?variant=42644307214545
Two Bottles Bundle,,,42624421298385,True,171.00,https://hiidef.xyz/products/two-bottles-bundle-1?variant=42624421298385
Orange Frost All Over Print Long Sleeve Crew,T-Shirts,S,42624370540753,False,72.00,https://hiidef.xyz/products/orange-frost-all-over-print-long-sleeve-crew?variant=42624370540753
Orange Frost All Over Print Long Sleeve Crew,T-Shirts,M,42624370573521,True,72.00,https://hiidef.xyz/products/orange-frost-all-over-print-long-sleeve-crew?variant=42624370573521
Orange Frost All Over Print Long Sleeve Crew,T-Shirts,L,42624370606289,True,72.00,https://hiidef.xyz/products/orange-frost-all-over-print-long-sleeve-crew?variant=42624370606289
Orange Frost All Over Print Long Sleeve Crew,T-Shirts,XL,42624370639057,True,72.00,https://hiidef.xyz/products/orange-frost-all-over-print-long-sleeve-crew?variant=42624370639057
Orange Frost All Over Print Long Sleeve Crew,T-Shirts,XL,42624370671825,False,72.00,https://hiidef.xyz/products/orange-frost-all-over-print-long-sleeve-crew?variant=42624370671825
Black/Yellow Orange Frost Hii Def Logo Sweater,Sweatshirts,S,42624383779025,False,104.00,https://hiidef.xyz/products/orange-frost-hii-def-logo-sweater?variant=42624383779025
Black/Yellow Orange Frost Hii Def Logo Sweater,Sweatshirts,M,42624383811793,False,104.00,https://hiidef.xyz/products/orange-frost-hii-def-logo-sweater?variant=42624383811793
Black/Yellow Orange Frost Hii Def Logo Sweater,Sweatshirts,L,42624383844561,False,104.00,https://hiidef.xyz/products/orange-frost-hii-def-logo-sweater?variant=42624383844561
Black/Yellow Orange Frost Hii Def Logo Sweater,Sweatshirts,XL,42624383877329,False,104.00,https://hiidef.xyz/products/orange-frost-hii-def-logo-sweater?variant=42624383877329
Black/Yellow Orange Frost Hii Def Logo Sweater,Sweatshirts,XL,42624383910097,False,104.00,https://hiidef.xyz/products/orange-frost-hii-def-logo-sweater?variant=42624383910097
Tan Orange Frost Logo T-Shirt,T-Shirts,S,42624375619793,False,42.00,https://hiidef.xyz/products/tan-orange-frost-logo-t-shirt?variant=42624375619793
Tan Orange Frost Logo T-Shirt,T-Shirts,M,42624375652561,False,42.00,https://hiidef.xyz/products/tan-orange-frost-logo-t-shirt?variant=42624375652561
Tan Orange Frost Logo T-Shirt,T-Shirts,L,42624375685329,False,42.00,https://hiidef.xyz/products/tan-orange-frost-logo-t-shirt?variant=42624375685329
Tan Orange Frost Logo T-Shirt,T-Shirts,XL,42624375718097,False,42.00,https://hiidef.xyz/products/tan-orange-frost-logo-t-shirt?variant=42624375718097
Tan Orange Frost Logo T-Shirt,T-Shirts,XL,42624375750865,False,42.00,https://hiidef.xyz/products/tan-orange-frost-logo-t-shirt?variant=42624375750865
Cloud Dye Orange Frost Logo Crewneck Sweatshirt,Sweatshirts,S,42643417039057,False,110.00,https://hiidef.xyz/products/cloud-dye-orange-frost-logo-crewneck-sweatshirt?variant=42643417039057
Cloud Dye Orange Frost Logo Crewneck Sweatshirt,Sweatshirts,M,42643417071825,False,110.00,https://hiidef.xyz/products/cloud-dye-orange-frost-logo-crewneck-sweatshirt?variant=42643417071825
Cloud Dye Orange Frost Logo Crewneck Sweatshirt,Sweatshirts,L,42643417104593,False,110.00,https://hiidef.xyz/products/cloud-dye-orange-frost-logo-crewneck-sweatshirt?variant=42643417104593
Cloud Dye Orange Frost Logo Crewneck Sweatshirt,Sweatshirts,XL,42643417137361,False,110.00,https://hiidef.xyz/products/cloud-dye-orange-frost-logo-crewneck-sweatshirt?variant=42643417137361
Cloud Dye Orange Frost Logo Crewneck Sweatshirt,Sweatshirts,XL,42643417170129,False,110.00,https://hiidef.xyz/products/cloud-dye-orange-frost-logo-crewneck-sweatshirt?variant=42643417170129
Orange Frost 30ml Fragrance,,,42624367100113,True,90.00,https://hiidef.xyz/products/orange-frost-30ml-fragrance?variant=42624367100113
Yellow Tie Dye I Wear Hii Def Because... T-Shirt,T-Shirts,S,41952202096849,False,52.00,https://hiidef.xyz/products/yellow-tie-dye-i-wear-hii-def-because-t-shirt?variant=41952202096849
Yellow Tie Dye I Wear Hii Def Because... T-Shirt,T-Shirts,M,41952202129617,False,52.00,https://hiidef.xyz/products/yellow-tie-dye-i-wear-hii-def-because-t-shirt?variant=41952202129617
Yellow Tie Dye I Wear Hii Def Because... T-Shirt,T-Shirts,L,41952202162385,False,52.00,https://hiidef.xyz/products/yellow-tie-dye-i-wear-hii-def-because-t-shirt?variant=41952202162385
Yellow Tie Dye I Wear Hii Def Because... T-Shirt,T-Shirts,XL,41952202195153,False,52.00,https://hiidef.xyz/products/yellow-tie-dye-i-wear-hii-def-because-t-shirt?variant=41952202195153
Yellow Tie Dye I Wear Hii Def Because... T-Shirt,T-Shirts,XL,41952202227921,False,52.00,https://hiidef.xyz/products/yellow-tie-dye-i-wear-hii-def-because-t-shirt?variant=41952202227921
Two-Toned Red/Brown Corduroy Belted Pants with Embroidered Hii Def Logo,Pants,S,41809000431825,False,86.00,https://hiidef.xyz/products/two-toned-corduroy-belted-pants-with-embroidered-logo?variant=41809000431825
Two-Toned Red/Brown Corduroy Belted Pants with Embroidered Hii Def Logo,Pants,M,41809000464593,False,86.00,https://hiidef.xyz/products/two-toned-corduroy-belted-pants-with-embroidered-logo?variant=41809000464593
Two-Toned Red/Brown Corduroy Belted Pants with Embroidered Hii Def Logo,Pants,L,41809000497361,False,86.00,https://hiidef.xyz/products/two-toned-corduroy-belted-pants-with-embroidered-logo?variant=41809000497361
Two-Toned Red/Brown Corduroy Belted Pants with Embroidered Hii Def Logo,Pants,XL,41809000530129,False,86.00,https://hiidef.xyz/products/two-toned-corduroy-belted-pants-with-embroidered-logo?variant=41809000530129
Two-Toned Red/Brown Corduroy Belted Pants with Embroidered Hii Def Logo,Pants,XL,41809000562897,False,86.00,https://hiidef.xyz/products/two-toned-corduroy-belted-pants-with-embroidered-logo?variant=41809000562897
Two-Toned Rubber Patch Beanie,,,41802000007377,False,32.00,https://hiidef.xyz/products/two-toned-rubber-patch-beanie-1?variant=41802000007377
Sold Out Worldwide T-Shirt,T-Shirts,S,41792223019217,False,42.00,https://hiidef.xyz/products/sold-out-worldwide-t-shirt?variant=41792223019217
Sold Out Worldwide T-Shirt,T-Shirts,M,41792223051985,False,42.00,https://hiidef.xyz/products/sold-out-worldwide-t-shirt?variant=41792223051985
Sold Out Worldwide T-Shirt,T-Shirts,L,41792223084753,False,42.00,https://hiidef.xyz/products/sold-out-worldwide-t-shirt?variant=41792223084753
Sold Out Worldwide T-Shirt,T-Shirts,XL,41792223117521,False,42.00,https://hiidef.xyz/products/sold-out-worldwide-t-shirt?variant=41792223117521
Sold Out Worldwide T-Shirt,T-Shirts,XL,41792223150289,False,42.00,https://hiidef.xyz/products/sold-out-worldwide-t-shirt?variant=41792223150289
Yellow I Wear Hii Def Because... T-Shirt,T-Shirts,S,41792221937873,False,42.00,https://hiidef.xyz/products/i-wear-hii-def-because-t-shirt?variant=41792221937873
Yellow I Wear Hii Def Because... T-Shirt,T-Shirts,M,41792221970641,False,42.00,https://hiidef.xyz/products/i-wear-hii-def-because-t-shirt?variant=41792221970641
Yellow I Wear Hii Def Because... T-Shirt,T-Shirts,L,41792222003409,False,42.00,https://hiidef.xyz/products/i-wear-hii-def-because-t-shirt?variant=41792222003409
Yellow I Wear Hii Def Because... T-Shirt,T-Shirts,XL,41792222036177,False,42.00,https://hiidef.xyz/products/i-wear-hii-def-because-t-shirt?variant=41792222036177
Yellow I Wear Hii Def Because... T-Shirt,T-Shirts,XL,41792222068945,False,42.00,https://hiidef.xyz/products/i-wear-hii-def-because-t-shirt?variant=41792222068945
Wired All Over Print T-Shirt,T-Shirts,S,41533311123665,False,54.00,https://hiidef.xyz/products/wired-all-over-print-t-shirt?variant=41533311123665
Wired All Over Print T-Shirt,T-Shirts,M,41533311156433,False,54.00,https://hiidef.xyz/products/wired-all-over-print-t-shirt?variant=41533311156433
Wired All Over Print T-Shirt,T-Shirts,L,41533311189201,False,54.00,https://hiidef.xyz/products/wired-all-over-print-t-shirt?variant=41533311189201
Wired All Over Print T-Shirt,T-Shirts,XL,41533311221969,False,54.00,https://hiidef.xyz/products/wired-all-over-print-t-shirt?variant=41533311221969
Wired All Over Print T-Shirt,T-Shirts,XL,41533311254737,False,54.00,https://hiidef.xyz/products/wired-all-over-print-t-shirt?variant=41533311254737
Two-Toned Blue/Khaki Corduroy Belted Pants with Embroidered Hii Def Logo,,S,41514163175633,False,86.00,https://hiidef.xyz/products/two-toned-corduroy-belted-pants?variant=41514163175633
Two-Toned Blue/Khaki Corduroy Belted Pants with Embroidered Hii Def Logo,,M,41514163208401,False,86.00,https://hiidef.xyz/products/two-toned-corduroy-belted-pants?variant=41514163208401
Two-Toned Blue/Khaki Corduroy Belted Pants with Embroidered Hii Def Logo,,L,41514163241169,False,86.00,https://hiidef.xyz/products/two-toned-corduroy-belted-pants?variant=41514163241169
Two-Toned Blue/Khaki Corduroy Belted Pants with Embroidered Hii Def Logo,,XL,41514163273937,False,86.00,https://hiidef.xyz/products/two-toned-corduroy-belted-pants?variant=41514163273937
Two-Toned Blue/Khaki Corduroy Belted Pants with Embroidered Hii Def Logo,,XL,41514163306705,False,86.00,https://hiidef.xyz/products/two-toned-corduroy-belted-pants?variant=41514163306705
Two-Toned Rubber Patch Beanie,,,41503488344273,False,32.00,https://hiidef.xyz/products/two-toned-rubber-patch-beanie?variant=41503488344273
Sweatshirt Sweatshirt,Sweatshirts,S,41195823562961,False,72.00,https://hiidef.xyz/products/porcelain-sweatshirt-sweatshirt?variant=41195823562961
Sweatshirt Sweatshirt,Sweatshirts,M,41195823595729,False,72.00,https://hiidef.xyz/products/porcelain-sweatshirt-sweatshirt?variant=41195823595729
Sweatshirt Sweatshirt,Sweatshirts,L,41195823628497,False,72.00,https://hiidef.xyz/products/porcelain-sweatshirt-sweatshirt?variant=41195823628497
Sweatshirt Sweatshirt,Sweatshirts,XL,41195823661265,False,72.00,https://hiidef.xyz/products/porcelain-sweatshirt-sweatshirt?variant=41195823661265
Sweatshirt Sweatshirt,Sweatshirts,XL,41195823694033,False,72.00,https://hiidef.xyz/products/porcelain-sweatshirt-sweatshirt?variant=41195823694033
Sunflower Flocked T-Shirt,T-Shirts,S,41146316423377,False,36.00,https://hiidef.xyz/products/sunflower-flocked-t-shirt-1?variant=41146316423377
Sunflower Flocked T-Shirt,T-Shirts,M,41146316456145,False,36.00,https://hiidef.xyz/products/sunflower-flocked-t-shirt-1?variant=41146316456145
Sunflower Flocked T-Shirt,T-Shirts,L,41146316488913,False,36.00,https://hiidef.xyz/products/sunflower-flocked-t-shirt-1?variant=41146316488913
Sunflower Flocked T-Shirt,T-Shirts,XL,41146316521681,False,36.00,https://hiidef.xyz/products/sunflower-flocked-t-shirt-1?variant=41146316521681
Sunflower Flocked T-Shirt,T-Shirts,XL,41146316554449,False,36.00,https://hiidef.xyz/products/sunflower-flocked-t-shirt-1?variant=41146316554449
Warped Barcode Puff Print Mesh Overlay Shirt,T-Shirts,S,41103180529873,False,70.00,https://hiidef.xyz/products/warped-barcode-puff-print-mesh-overlay-shirt?variant=41103180529873
Warped Barcode Puff Print Mesh Overlay Shirt,T-Shirts,M,41103180562641,False,70.00,https://hiidef.xyz/products/warped-barcode-puff-print-mesh-overlay-shirt?variant=41103180562641
Warped Barcode Puff Print Mesh Overlay Shirt,T-Shirts,L,41103180595409,False,70.00,https://hiidef.xyz/products/warped-barcode-puff-print-mesh-overlay-shirt?variant=41103180595409
Warped Barcode Puff Print Mesh Overlay Shirt,T-Shirts,XL,41103180628177,False,70.00,https://hiidef.xyz/products/warped-barcode-puff-print-mesh-overlay-shirt?variant=41103180628177
Warped Barcode Puff Print Mesh Overlay Shirt,T-Shirts,XL,41103180660945,False,70.00,https://hiidef.xyz/products/warped-barcode-puff-print-mesh-overlay-shirt?variant=41103180660945
Sunflower Flocked T-Shirt,T-Shirts,S,41008890314961,False,36.00,https://hiidef.xyz/products/sunflower-flocked-t-shirt?variant=41008890314961
Sunflower Flocked T-Shirt,T-Shirts,M,41008890347729,False,36.00,https://hiidef.xyz/products/sunflower-flocked-t-shirt?variant=41008890347729
Sunflower Flocked T-Shirt,T-Shirts,L,41008890380497,False,36.00,https://hiidef.xyz/products/sunflower-flocked-t-shirt?variant=41008890380497
Sunflower Flocked T-Shirt,T-Shirts,XL,41008890413265,False,36.00,https://hiidef.xyz/products/sunflower-flocked-t-shirt?variant=41008890413265
Sunflower Flocked T-Shirt,T-Shirts,XL,41008890446033,False,36.00,https://hiidef.xyz/products/sunflower-flocked-t-shirt?variant=41008890446033
White Hii-Jet Airbrushed T-Shirt,T-Shirts,S,40903286489297,False,34.00,https://hiidef.xyz/products/white-hii-jet-airbrushed-t-shirt?variant=40903286489297
White Hii-Jet Airbrushed T-Shirt,T-Shirts,M,40903286522065,False,34.00,https://hiidef.xyz/products/white-hii-jet-airbrushed-t-shirt?variant=40903286522065
White Hii-Jet Airbrushed T-Shirt,T-Shirts,L,40903286554833,False,34.00,https://hiidef.xyz/products/white-hii-jet-airbrushed-t-shirt?variant=40903286554833
White Hii-Jet Airbrushed T-Shirt,T-Shirts,XL,40903286587601,False,34.00,https://hiidef.xyz/products/white-hii-jet-airbrushed-t-shirt?variant=40903286587601
White Hii-Jet Airbrushed T-Shirt,T-Shirts,XL,40903286620369,False,34.00,https://hiidef.xyz/products/white-hii-jet-airbrushed-t-shirt?variant=40903286620369
Sunflower 6-Panel Baseball Cap (Green Edition),Hats,,41351664009425,False,38.00,https://hiidef.xyz/products/copy-of-sunflower-6-panel-baseball-cap-green-edition?variant=41351664009425
Warped Barcode Puff Print Mesh Overlay Shirt,T-Shirts,S,40856121737425,False,70.00,https://hiidef.xyz/products/warped-barcode-mesh-overlay-t-shirt?variant=40856121737425
Warped Barcode Puff Print Mesh Overlay Shirt,T-Shirts,M,40856121770193,False,70.00,https://hiidef.xyz/products/warped-barcode-mesh-overlay-t-shirt?variant=40856121770193
Warped Barcode Puff Print Mesh Overlay Shirt,T-Shirts,L,40856121802961,False,70.00,https://hiidef.xyz/products/warped-barcode-mesh-overlay-t-shirt?variant=40856121802961
Warped Barcode Puff Print Mesh Overlay Shirt,T-Shirts,XL,40856121835729,False,70.00,https://hiidef.xyz/products/warped-barcode-mesh-overlay-t-shirt?variant=40856121835729
Warped Barcode Puff Print Mesh Overlay Shirt,T-Shirts,XL,40856121868497,False,70.00,https://hiidef.xyz/products/warped-barcode-mesh-overlay-t-shirt?variant=40856121868497
Sunflower 6-Panel Baseball Cap (Black Edition),Hats,,41351663517905,False,38.00,https://hiidef.xyz/products/sunflower-6-panel-baseball-cap-black-edition-1?variant=41351663517905
ZIP-NECK HEAT SENSITIVE LONG SLEEVE SHIRT,,S,39921808736465,False,82.00,https://hiidef.xyz/products/zip-neck-heat-sensitive-long-sleeve-shirt?variant=39921808736465
ZIP-NECK HEAT SENSITIVE LONG SLEEVE SHIRT,,M,39921808769233,False,82.00,https://hiidef.xyz/products/zip-neck-heat-sensitive-long-sleeve-shirt?variant=39921808769233
ZIP-NECK HEAT SENSITIVE LONG SLEEVE SHIRT,,L,39921808802001,False,82.00,https://hiidef.xyz/products/zip-neck-heat-sensitive-long-sleeve-shirt?variant=39921808802001
ZIP-NECK HEAT SENSITIVE LONG SLEEVE SHIRT,,XL,39921808834769,False,82.00,https://hiidef.xyz/products/zip-neck-heat-sensitive-long-sleeve-shirt?variant=39921808834769
ZIP-NECK HEAT SENSITIVE LONG SLEEVE SHIRT,,XL,39996213166289,False,82.00,https://hiidef.xyz/products/zip-neck-heat-sensitive-long-sleeve-shirt?variant=39996213166289
Black Bleach Dye I Wear Hii Def Because... T-Shirt,T-Shirts,S,41952201113809,False,52.00,https://hiidef.xyz/products/black-bleach-dye-i-wear-hii-def-because-t-shirt?variant=41952201113809
Black Bleach Dye I Wear Hii Def Because... T-Shirt,T-Shirts,M,41952201146577,False,52.00,https://hiidef.xyz/products/black-bleach-dye-i-wear-hii-def-because-t-shirt?variant=41952201146577
Black Bleach Dye I Wear Hii Def Because... T-Shirt,T-Shirts,L,41952201179345,False,52.00,https://hiidef.xyz/products/black-bleach-dye-i-wear-hii-def-because-t-shirt?variant=41952201179345
Black Bleach Dye I Wear Hii Def Because... T-Shirt,T-Shirts,XL,41952201212113,False,52.00,https://hiidef.xyz/products/black-bleach-dye-i-wear-hii-def-because-t-shirt?variant=41952201212113
Black Bleach Dye I Wear Hii Def Because... T-Shirt,T-Shirts,XL,41952201244881,False,52.00,https://hiidef.xyz/products/black-bleach-dye-i-wear-hii-def-because-t-shirt?variant=41952201244881
Hii-Jet Woven Tapestry Blanket,Accessories,,41856168460497,False,89.00,https://hiidef.xyz/products/hii-jet-woven-tapestry-blanket?variant=41856168460497
Black Electric Logo T-Shirt,T-Shirts,S,41853708304593,False,42.00,https://hiidef.xyz/products/black-electric-logo-t-shirt?variant=41853708304593
Black Electric Logo T-Shirt,T-Shirts,M,41853708337361,False,42.00,https://hiidef.xyz/products/black-electric-logo-t-shirt?variant=41853708337361
Black Electric Logo T-Shirt,T-Shirts,L,41853708370129,False,42.00,https://hiidef.xyz/products/black-electric-logo-t-shirt?variant=41853708370129
Black Electric Logo T-Shirt,T-Shirts,XL,41853708402897,False,42.00,https://hiidef.xyz/products/black-electric-logo-t-shirt?variant=41853708402897
Black Electric Logo T-Shirt,T-Shirts,XL,41853708435665,False,42.00,https://hiidef.xyz/products/black-electric-logo-t-shirt?variant=41853708435665
Blue Barcode Puff Print T-Shirt,T-Shirts,S,41853707911377,False,42.00,https://hiidef.xyz/products/blue-barcode-puff-print-t-shirt-1?variant=41853707911377
Blue Barcode Puff Print T-Shirt,T-Shirts,M,41853707944145,False,42.00,https://hiidef.xyz/products/blue-barcode-puff-print-t-shirt-1?variant=41853707944145
Blue Barcode Puff Print T-Shirt,T-Shirts,L,41853707976913,False,42.00,https://hiidef.xyz/products/blue-barcode-puff-print-t-shirt-1?variant=41853707976913
Blue Barcode Puff Print T-Shirt,T-Shirts,XL,41853708009681,False,42.00,https://hiidef.xyz/products/blue-barcode-puff-print-t-shirt-1?variant=41853708009681
Blue Barcode Puff Print T-Shirt,T-Shirts,XL,41853708042449,False,42.00,https://hiidef.xyz/products/blue-barcode-puff-print-t-shirt-1?variant=41853708042449
Black Multi-Logo Print Custom Backpack,Accessories,,41834058023121,False,72.00,https://hiidef.xyz/products/black-multi-logo-print-custom-backpack?variant=41834058023121
Red Good Luck 67 Velour Football Jersey,,S,41824309051601,False,67.00,https://hiidef.xyz/products/red-good-luck-67-velour-football-jersey?variant=41824309051601
Red Good Luck 67 Velour Football Jersey,,M,41824309084369,False,67.00,https://hiidef.xyz/products/red-good-luck-67-velour-football-jersey?variant=41824309084369
Red Good Luck 67 Velour Football Jersey,,L,41824309117137,False,67.00,https://hiidef.xyz/products/red-good-luck-67-velour-football-jersey?variant=41824309117137
Red Good Luck 67 Velour Football Jersey,,XL,41824309149905,False,67.00,https://hiidef.xyz/products/red-good-luck-67-velour-football-jersey?variant=41824309149905
Red Good Luck 67 Velour Football Jersey,,XL,41824309182673,False,67.00,https://hiidef.xyz/products/red-good-luck-67-velour-football-jersey?variant=41824309182673
Pearl Electric Logo T-Shirt,T-Shirts,S,41819763802321,False,42.00,https://hiidef.xyz/products/electric-logo-t-shirt?variant=41819763802321
Pearl Electric Logo T-Shirt,T-Shirts,M,41819763835089,False,42.00,https://hiidef.xyz/products/electric-logo-t-shirt?variant=41819763835089
Pearl Electric Logo T-Shirt,T-Shirts,L,41819763867857,False,42.00,https://hiidef.xyz/products/electric-logo-t-shirt?variant=41819763867857
Pearl Electric Logo T-Shirt,T-Shirts,XL,41819763900625,False,42.00,https://hiidef.xyz/products/electric-logo-t-shirt?variant=41819763900625
Pearl Electric Logo T-Shirt,T-Shirts,XL,41819763933393,False,42.00,https://hiidef.xyz/products/electric-logo-t-shirt?variant=41819763933393
Black I Wear Hii Def Because... T-Shirt,T-Shirts,S,41819763048657,False,42.00,https://hiidef.xyz/products/i-wear-hii-def-because-t-shirt-1?variant=41819763048657
Black I Wear Hii Def Because... T-Shirt,T-Shirts,M,41819763081425,False,42.00,https://hiidef.xyz/products/i-wear-hii-def-because-t-shirt-1?variant=41819763081425
Black I Wear Hii Def Because... T-Shirt,T-Shirts,L,41819763114193,False,42.00,https://hiidef.xyz/products/i-wear-hii-def-because-t-shirt-1?variant=41819763114193
Black I Wear Hii Def Because... T-Shirt,T-Shirts,XL,41819763146961,False,42.00,https://hiidef.xyz/products/i-wear-hii-def-because-t-shirt-1?variant=41819763146961
Black I Wear Hii Def Because... T-Shirt,T-Shirts,XL,41819763179729,False,42.00,https://hiidef.xyz/products/i-wear-hii-def-because-t-shirt-1?variant=41819763179729
Red Barcode Puff Print T-Shirt,T-Shirts,S,41814526296273,False,42.00,https://hiidef.xyz/products/red-barcode-puff-print-t-shirt?variant=41814526296273
Red Barcode Puff Print T-Shirt,T-Shirts,M,41814526329041,False,42.00,https://hiidef.xyz/products/red-barcode-puff-print-t-shirt?variant=41814526329041
Red Barcode Puff Print T-Shirt,T-Shirts,L,41814526361809,False,42.00,https://hiidef.xyz/products/red-barcode-puff-print-t-shirt?variant=41814526361809
Red Barcode Puff Print T-Shirt,T-Shirts,XL,41814526394577,False,42.00,https://hiidef.xyz/products/red-barcode-puff-print-t-shirt?variant=41814526394577
Red Barcode Puff Print T-Shirt,T-Shirts,XL,41814526427345,False,42.00,https://hiidef.xyz/products/red-barcode-puff-print-t-shirt?variant=41814526427345
Electric Logo Coco Fiber Welcome Mat,,,41653516435665,False,64.00,https://hiidef.xyz/products/squiggle-logo-coco-fiber-welcome-mat?variant=41653516435665
Magic Hii Def 67 Ball T-Shirt,T-Shirts,S,41645994148049,False,42.00,https://hiidef.xyz/products/copy-of-magic-67-ball-t-shirt?variant=41645994148049
Magic Hii Def 67 Ball T-Shirt,T-Shirts,M,41645994180817,False,42.00,https://hiidef.xyz/products/copy-of-magic-67-ball-t-shirt?variant=41645994180817
Magic Hii Def 67 Ball T-Shirt,T-Shirts,L,41645994213585,False,42.00,https://hiidef.xyz/products/copy-of-magic-67-ball-t-shirt?variant=41645994213585
Magic Hii Def 67 Ball T-Shirt,T-Shirts,XL,41645994246353,False,42.00,https://hiidef.xyz/products/copy-of-magic-67-ball-t-shirt?variant=41645994246353
Magic Hii Def 67 Ball T-Shirt,T-Shirts,XL,41645994279121,False,42.00,https://hiidef.xyz/products/copy-of-magic-67-ball-t-shirt?variant=41645994279121
Magic Hii Def 67 Ball T-Shirt,T-Shirts,S,41645985464529,False,42.00,https://hiidef.xyz/products/magic-67-ball-t-shirt?variant=41645985464529
Magic Hii Def 67 Ball T-Shirt,T-Shirts,M,41645985497297,False,42.00,https://hiidef.xyz/products/magic-67-ball-t-shirt?variant=41645985497297
Magic Hii Def 67 Ball T-Shirt,T-Shirts,L,41645985530065,False,42.00,https://hiidef.xyz/products/magic-67-ball-t-shirt?variant=41645985530065
Magic Hii Def 67 Ball T-Shirt,T-Shirts,XL,41645985562833,False,42.00,https://hiidef.xyz/products/magic-67-ball-t-shirt?variant=41645985562833
Magic Hii Def 67 Ball T-Shirt,T-Shirts,XL,41645985595601,False,42.00,https://hiidef.xyz/products/magic-67-ball-t-shirt?variant=41645985595601
Monster Faces Printed Button Down,,S,41527987044561,False,72.00,https://hiidef.xyz/products/monster-faces-printed-button-down?variant=41527987044561
Monster Faces Printed Button Down,,M,41527987077329,False,72.00,https://hiidef.xyz/products/monster-faces-printed-button-down?variant=41527987077329
Monster Faces Printed Button Down,,L,41527987110097,False,72.00,https://hiidef.xyz/products/monster-faces-printed-button-down?variant=41527987110097
Monster Faces Printed Button Down,,XL,41527987142865,False,72.00,https://hiidef.xyz/products/monster-faces-printed-button-down?variant=41527987142865
Monster Faces Printed Button Down,,XL,41527987175633,False,72.00,https://hiidef.xyz/products/monster-faces-printed-button-down?variant=41527987175633
Appliqué Logo Dual-Zip Hooded Sweatshirt,Sweatshirts,S,41523480854737,False,87.00,https://hiidef.xyz/products/applique-logo-dual-zip-hooded-sweatshirt-1?variant=41523480854737
Appliqué Logo Dual-Zip Hooded Sweatshirt,Sweatshirts,M,41523480887505,False,87.00,https://hiidef.xyz/products/applique-logo-dual-zip-hooded-sweatshirt-1?variant=41523480887505
Appliqué Logo Dual-Zip Hooded Sweatshirt,Sweatshirts,L,41523480920273,False,87.00,https://hiidef.xyz/products/applique-logo-dual-zip-hooded-sweatshirt-1?variant=41523480920273
Appliqué Logo Dual-Zip Hooded Sweatshirt,Sweatshirts,XL,41523480953041,False,87.00,https://hiidef.xyz/products/applique-logo-dual-zip-hooded-sweatshirt-1?variant=41523480953041
Appliqué Logo Dual-Zip Hooded Sweatshirt,Sweatshirts,XL,41523480985809,False,87.00,https://hiidef.xyz/products/applique-logo-dual-zip-hooded-sweatshirt-1?variant=41523480985809
Appliqué Logo Dual-Zip Hooded Sweatshirt,Sweatshirts,S,41523458441425,False,87.00,https://hiidef.xyz/products/applique-logo-dual-zip-hooded-sweatshirt?variant=41523458441425
Appliqué Logo Dual-Zip Hooded Sweatshirt,Sweatshirts,M,41523458474193,False,87.00,https://hiidef.xyz/products/applique-logo-dual-zip-hooded-sweatshirt?variant=41523458474193
Appliqué Logo Dual-Zip Hooded Sweatshirt,Sweatshirts,L,41523458506961,False,87.00,https://hiidef.xyz/products/applique-logo-dual-zip-hooded-sweatshirt?variant=41523458506961
Appliqué Logo Dual-Zip Hooded Sweatshirt,Sweatshirts,XL,41523458539729,False,87.00,https://hiidef.xyz/products/applique-logo-dual-zip-hooded-sweatshirt?variant=41523458539729
Appliqué Logo Dual-Zip Hooded Sweatshirt,Sweatshirts,XL,41523458572497,False,87.00,https://hiidef.xyz/products/applique-logo-dual-zip-hooded-sweatshirt?variant=41523458572497
Glow In The Dark Electric Logo Enamel Pin,Accessories,,41519164391633,False,15.00,https://hiidef.xyz/products/glow-in-the-dark-electric-logo-enamel-pin?variant=41519164391633
Blue Good Luck 67 Velour Football Jersey,,S,41508135108817,False,67.00,https://hiidef.xyz/products/good-luck-67-velour-football-jersey?variant=41508135108817
Blue Good Luck 67 Velour Football Jersey,,M,41508135141585,False,67.00,https://hiidef.xyz/products/good-luck-67-velour-football-jersey?variant=41508135141585
Blue Good Luck 67 Velour Football Jersey,,L,41508135174353,False,67.00,https://hiidef.xyz/products/good-luck-67-velour-football-jersey?variant=41508135174353
Blue Good Luck 67 Velour Football Jersey,,XL,41508135207121,False,67.00,https://hiidef.xyz/products/good-luck-67-velour-football-jersey?variant=41508135207121
Blue Good Luck 67 Velour Football Jersey,,XL,41508135239889,False,67.00,https://hiidef.xyz/products/good-luck-67-velour-football-jersey?variant=41508135239889
Orange Multi-Logo Print Custom Backpack,,,41494598123729,False,72.00,https://hiidef.xyz/products/multi-logo-print-custom-backpack-orange-edition?variant=41494598123729
Forest Green 3M Reflective Electric Logo T-Shirt,T-Shirts,S,41479804944593,False,42.00,https://hiidef.xyz/products/3m-reflective-squiggle-logo-t-shirt-1?variant=41479804944593
Forest Green 3M Reflective Electric Logo T-Shirt,T-Shirts,M,41479804977361,False,42.00,https://hiidef.xyz/products/3m-reflective-squiggle-logo-t-shirt-1?variant=41479804977361
Forest Green 3M Reflective Electric Logo T-Shirt,T-Shirts,L,41479805010129,False,42.00,https://hiidef.xyz/products/3m-reflective-squiggle-logo-t-shirt-1?variant=41479805010129
Forest Green 3M Reflective Electric Logo T-Shirt,T-Shirts,XL,41479805042897,False,42.00,https://hiidef.xyz/products/3m-reflective-squiggle-logo-t-shirt-1?variant=41479805042897
Forest Green 3M Reflective Electric Logo T-Shirt,T-Shirts,XL,41479805075665,False,42.00,https://hiidef.xyz/products/3m-reflective-squiggle-logo-t-shirt-1?variant=41479805075665
Custom Graffiti Puffer Jacket,,S,41473928003793,False,185.00,https://hiidef.xyz/products/custom-graffiti-puffer-jacket?variant=41473928003793
Custom Graffiti Puffer Jacket,,M,41473928036561,False,185.00,https://hiidef.xyz/products/custom-graffiti-puffer-jacket?variant=41473928036561
Custom Graffiti Puffer Jacket,,L,41473928069329,False,185.00,https://hiidef.xyz/products/custom-graffiti-puffer-jacket?variant=41473928069329
Custom Graffiti Puffer Jacket,,XL,41473928102097,False,185.00,https://hiidef.xyz/products/custom-graffiti-puffer-jacket?variant=41473928102097
Custom Graffiti Puffer Jacket,,XL,41473928134865,False,185.00,https://hiidef.xyz/products/custom-graffiti-puffer-jacket?variant=41473928134865
Bleach Dye Sweatshirt Sweatshirt,Sweatshirts,S,41447680639185,False,82.00,https://hiidef.xyz/products/bleach-dye-dye-sweatshirt-sweatshirt?variant=41447680639185
Bleach Dye Sweatshirt Sweatshirt,Sweatshirts,M,41447680671953,False,82.00,https://hiidef.xyz/products/bleach-dye-dye-sweatshirt-sweatshirt?variant=41447680671953
Bleach Dye Sweatshirt Sweatshirt,Sweatshirts,L,41447680704721,False,82.00,https://hiidef.xyz/products/bleach-dye-dye-sweatshirt-sweatshirt?variant=41447680704721
Bleach Dye Sweatshirt Sweatshirt,Sweatshirts,XL,41447680737489,False,82.00,https://hiidef.xyz/products/bleach-dye-dye-sweatshirt-sweatshirt?variant=41447680737489
Bleach Dye Sweatshirt Sweatshirt,Sweatshirts,XL,41447680770257,False,82.00,https://hiidef.xyz/products/bleach-dye-dye-sweatshirt-sweatshirt?variant=41447680770257
Cloud Dye Sweatshirt Sweatshirt,Sweatshirts,S,41447678083281,False,82.00,https://hiidef.xyz/products/cloud-dye-sweatshirt-sweatshirt?variant=41447678083281
Cloud Dye Sweatshirt Sweatshirt,Sweatshirts,M,41447678116049,False,82.00,https://hiidef.xyz/products/cloud-dye-sweatshirt-sweatshirt?variant=41447678116049
Cloud Dye Sweatshirt Sweatshirt,Sweatshirts,L,41447678148817,False,82.00,https://hiidef.xyz/products/cloud-dye-sweatshirt-sweatshirt?variant=41447678148817
Cloud Dye Sweatshirt Sweatshirt,Sweatshirts,XL,41447678181585,False,82.00,https://hiidef.xyz/products/cloud-dye-sweatshirt-sweatshirt?variant=41447678181585
Cloud Dye Sweatshirt Sweatshirt,Sweatshirts,XL,41447678214353,False,82.00,https://hiidef.xyz/products/cloud-dye-sweatshirt-sweatshirt?variant=41447678214353
3M Reflective Logo T-Shirt,T-Shirts,S,41358501707985,False,50.00,https://hiidef.xyz/products/3m-reflective-logo-t-shirt?variant=41358501707985
3M Reflective Logo T-Shirt,T-Shirts,M,41358501740753,False,50.00,https://hiidef.xyz/products/3m-reflective-logo-t-shirt?variant=41358501740753
3M Reflective Logo T-Shirt,T-Shirts,L,41358501773521,False,50.00,https://hiidef.xyz/products/3m-reflective-logo-t-shirt?variant=41358501773521
3M Reflective Logo T-Shirt,T-Shirts,XL,41358501806289,False,50.00,https://hiidef.xyz/products/3m-reflective-logo-t-shirt?variant=41358501806289
3M Reflective Logo T-Shirt,T-Shirts,XL,41358501839057,False,50.00,https://hiidef.xyz/products/3m-reflective-logo-t-shirt?variant=41358501839057
Glow In The Dark Logo Enamel Pin,Accessories,,41358481588433,False,12.00,https://hiidef.xyz/products/glow-in-the-dark-logo-enamel-pin?variant=41358481588433
Sherpa Trucker Jacket (Red Edition),,S,41341311025361,False,180.00,https://hiidef.xyz/products/copy-of-sherpa-trucker-jacket-red-edition?variant=41341311025361
Sherpa Trucker Jacket (Red Edition),,M,41341311058129,False,180.00,https://hiidef.xyz/products/copy-of-sherpa-trucker-jacket-red-edition?variant=41341311058129
Sherpa Trucker Jacket (Red Edition),,L,41341311090897,False,180.00,https://hiidef.xyz/products/copy-of-sherpa-trucker-jacket-red-edition?variant=41341311090897
Sherpa Trucker Jacket (Red Edition),,XL,41341311123665,False,180.00,https://hiidef.xyz/products/copy-of-sherpa-trucker-jacket-red-edition?variant=41341311123665
Sherpa Trucker Jacket (Red Edition),,XL,41341311156433,False,180.00,https://hiidef.xyz/products/copy-of-sherpa-trucker-jacket-red-edition?variant=41341311156433
Ivory Hii Def House Long Sleeve T-Shirt,T-Shirts,S,41312145965265,False,40.00,https://hiidef.xyz/products/hii-def-house-long-sleeve-t-shirt-1?variant=41312145965265
Ivory Hii Def House Long Sleeve T-Shirt,T-Shirts,M,41312145998033,False,40.00,https://hiidef.xyz/products/hii-def-house-long-sleeve-t-shirt-1?variant=41312145998033
Ivory Hii Def House Long Sleeve T-Shirt,T-Shirts,L,41312146030801,False,40.00,https://hiidef.xyz/products/hii-def-house-long-sleeve-t-shirt-1?variant=41312146030801
Ivory Hii Def House Long Sleeve T-Shirt,T-Shirts,XL,41312146063569,False,40.00,https://hiidef.xyz/products/hii-def-house-long-sleeve-t-shirt-1?variant=41312146063569
Ivory Hii Def House Long Sleeve T-Shirt,T-Shirts,XL,41312146096337,False,40.00,https://hiidef.xyz/products/hii-def-house-long-sleeve-t-shirt-1?variant=41312146096337
Hii-Def Barcode Nylon 5-Panel Adjustable Hat,Hats,,41292586549457,False,38.00,https://hiidef.xyz/products/hii-def-barcode-nylon-5-panel-adjustable-hat?variant=41292586549457
Black Sweatshirt Sweatshirt,Sweatshirts,S,41282648506577,False,72.00,https://hiidef.xyz/products/sweatshirt-sweatshirt?variant=41282648506577
Black Sweatshirt Sweatshirt,Sweatshirts,M,41282648539345,False,72.00,https://hiidef.xyz/products/sweatshirt-sweatshirt?variant=41282648539345
Black Sweatshirt Sweatshirt,Sweatshirts,L,41282648572113,False,72.00,https://hiidef.xyz/products/sweatshirt-sweatshirt?variant=41282648572113
Black Sweatshirt Sweatshirt,Sweatshirts,XL,41282648604881,False,72.00,https://hiidef.xyz/products/sweatshirt-sweatshirt?variant=41282648604881
Black Sweatshirt Sweatshirt,Sweatshirts,XL,41282648637649,False,72.00,https://hiidef.xyz/products/sweatshirt-sweatshirt?variant=41282648637649
I See You Puff Print T-Shirt,T-Shirts,S,41269307539665,False,36.00,https://hiidef.xyz/products/i-see-you-puff-print-t-shirt?variant=41269307539665
I See You Puff Print T-Shirt,T-Shirts,M,41269307572433,False,36.00,https://hiidef.xyz/products/i-see-you-puff-print-t-shirt?variant=41269307572433
I See You Puff Print T-Shirt,T-Shirts,L,41269307605201,False,36.00,https://hiidef.xyz/products/i-see-you-puff-print-t-shirt?variant=41269307605201
I See You Puff Print T-Shirt,T-Shirts,XL,41269307637969,False,36.00,https://hiidef.xyz/products/i-see-you-puff-print-t-shirt?variant=41269307637969
I See You Puff Print T-Shirt,T-Shirts,XL,41269307670737,False,36.00,https://hiidef.xyz/products/i-see-you-puff-print-t-shirt?variant=41269307670737
Drawstring Crewneck Sweatshirt,,S,41221019402449,False,72.00,https://hiidef.xyz/products/drawstring-crewneck-sweatshirt?variant=41221019402449
Drawstring Crewneck Sweatshirt,,M,41221019435217,False,72.00,https://hiidef.xyz/products/drawstring-crewneck-sweatshirt?variant=41221019435217
Drawstring Crewneck Sweatshirt,,L,41221019467985,False,72.00,https://hiidef.xyz/products/drawstring-crewneck-sweatshirt?variant=41221019467985
Drawstring Crewneck Sweatshirt,,XL,41221019500753,False,72.00,https://hiidef.xyz/products/drawstring-crewneck-sweatshirt?variant=41221019500753
Drawstring Crewneck Sweatshirt,,XL,41221019533521,False,72.00,https://hiidef.xyz/products/drawstring-crewneck-sweatshirt?variant=41221019533521
Button Neck Heat Sensitive Crewneck,,S,41206701523153,False,144.00,https://hiidef.xyz/products/button-neck-heat-sensitive-crewneck?variant=41206701523153
Button Neck Heat Sensitive Crewneck,,M,41206701555921,False,144.00,https://hiidef.xyz/products/button-neck-heat-sensitive-crewneck?variant=41206701555921
Button Neck Heat Sensitive Crewneck,,L,41206701588689,False,144.00,https://hiidef.xyz/products/button-neck-heat-sensitive-crewneck?variant=41206701588689
Button Neck Heat Sensitive Crewneck,,XL,41206701621457,False,144.00,https://hiidef.xyz/products/button-neck-heat-sensitive-crewneck?variant=41206701621457
Button Neck Heat Sensitive Crewneck,,XL,41206701654225,False,144.00,https://hiidef.xyz/products/button-neck-heat-sensitive-crewneck?variant=41206701654225
Handstyle Striped Sweater,,S,41162583769297,False,104.00,https://hiidef.xyz/products/handstyle-striped-sweater?variant=41162583769297
Handstyle Striped Sweater,,M,41162583802065,False,104.00,https://hiidef.xyz/products/handstyle-striped-sweater?variant=41162583802065
Handstyle Striped Sweater,,L,41162583834833,False,104.00,https://hiidef.xyz/products/handstyle-striped-sweater?variant=41162583834833
Handstyle Striped Sweater,,XL,41162583867601,False,104.00,https://hiidef.xyz/products/handstyle-striped-sweater?variant=41162583867601
Handstyle Striped Sweater,,XL,41162583900369,False,104.00,https://hiidef.xyz/products/handstyle-striped-sweater?variant=41162583900369
Hii-Def Barcode Nylon 5-Panel Adjustable Hat,Hats,,41117242425553,False,38.00,https://hiidef.xyz/products/copy-of-sunflower-6-panel-baseball-cap-black-edition?variant=41117242425553
Brown Drawstring Crewneck Sweatshirt,,S,41072666640593,False,72.00,https://hiidef.xyz/products/brown-drawstring-crewneck-sweatshirt?variant=41072666640593
Brown Drawstring Crewneck Sweatshirt,,M,41072666673361,False,72.00,https://hiidef.xyz/products/brown-drawstring-crewneck-sweatshirt?variant=41072666673361
Brown Drawstring Crewneck Sweatshirt,,L,41072666706129,False,72.00,https://hiidef.xyz/products/brown-drawstring-crewneck-sweatshirt?variant=41072666706129
Brown Drawstring Crewneck Sweatshirt,,XL,41072666738897,False,72.00,https://hiidef.xyz/products/brown-drawstring-crewneck-sweatshirt?variant=41072666738897
Brown Drawstring Crewneck Sweatshirt,,XL,41072666771665,False,72.00,https://hiidef.xyz/products/brown-drawstring-crewneck-sweatshirt?variant=41072666771665
Blue Barcode Puff Print T-Shirt,T-Shirts,S,41036999753937,False,36.00,https://hiidef.xyz/products/blue-barcode-puff-print-t-shirt?variant=41036999753937
Blue Barcode Puff Print T-Shirt,T-Shirts,M,41036999786705,False,36.00,https://hiidef.xyz/products/blue-barcode-puff-print-t-shirt?variant=41036999786705
Blue Barcode Puff Print T-Shirt,T-Shirts,L,41036999819473,False,36.00,https://hiidef.xyz/products/blue-barcode-puff-print-t-shirt?variant=41036999819473
Blue Barcode Puff Print T-Shirt,T-Shirts,XL,41036999852241,False,36.00,https://hiidef.xyz/products/blue-barcode-puff-print-t-shirt?variant=41036999852241
Blue Barcode Puff Print T-Shirt,T-Shirts,XL,41036999885009,False,36.00,https://hiidef.xyz/products/blue-barcode-puff-print-t-shirt?variant=41036999885009
Multi Logo Print Long Sleeve Crew (White Edition),,S,41024103022801,False,72.00,https://hiidef.xyz/products/multi-logo-print-long-sleeve-crew-white-edition?variant=41024103022801
Multi Logo Print Long Sleeve Crew (White Edition),,M,41024103055569,False,72.00,https://hiidef.xyz/products/multi-logo-print-long-sleeve-crew-white-edition?variant=41024103055569
Multi Logo Print Long Sleeve Crew (White Edition),,L,41024103088337,False,72.00,https://hiidef.xyz/products/multi-logo-print-long-sleeve-crew-white-edition?variant=41024103088337
Multi Logo Print Long Sleeve Crew (White Edition),,XL,41024103121105,False,72.00,https://hiidef.xyz/products/multi-logo-print-long-sleeve-crew-white-edition?variant=41024103121105
Multi Logo Print Long Sleeve Crew (White Edition),,XL,41024103153873,False,72.00,https://hiidef.xyz/products/multi-logo-print-long-sleeve-crew-white-edition?variant=41024103153873
I See You Puff Print T-Shirt,T-Shirts,S,41008888676561,False,36.00,https://hiidef.xyz/products/melt-logo-puff-print-t-shirt?variant=41008888676561
I See You Puff Print T-Shirt,T-Shirts,M,41008888709329,False,36.00,https://hiidef.xyz/products/melt-logo-puff-print-t-shirt?variant=41008888709329
I See You Puff Print T-Shirt,T-Shirts,L,41008888742097,False,36.00,https://hiidef.xyz/products/melt-logo-puff-print-t-shirt?variant=41008888742097
I See You Puff Print T-Shirt,T-Shirts,XL,41008888774865,False,36.00,https://hiidef.xyz/products/melt-logo-puff-print-t-shirt?variant=41008888774865
I See You Puff Print T-Shirt,T-Shirts,XL,41008888807633,False,36.00,https://hiidef.xyz/products/melt-logo-puff-print-t-shirt?variant=41008888807633
Handstyle Striped Sweater,,S,40998343540945,False,104.00,https://hiidef.xyz/products/handstyle-striped-sweate?variant=40998343540945
Handstyle Striped Sweater,,M,40998343573713,False,104.00,https://hiidef.xyz/products/handstyle-striped-sweate?variant=40998343573713
Handstyle Striped Sweater,,L,40998343606481,False,104.00,https://hiidef.xyz/products/handstyle-striped-sweate?variant=40998343606481
Handstyle Striped Sweater,,XL,40998343639249,False,104.00,https://hiidef.xyz/products/handstyle-striped-sweate?variant=40998343639249
Handstyle Striped Sweater,,XL,40998343672017,False,104.00,https://hiidef.xyz/products/handstyle-striped-sweate?variant=40998343672017
Purple Barcode Puff Print T-Shirt,T-Shirts,S,40974680752337,False,36.00,https://hiidef.xyz/products/purple-barcode-puff-print-t-shirt?variant=40974680752337
Purple Barcode Puff Print T-Shirt,T-Shirts,M,40974680785105,False,36.00,https://hiidef.xyz/products/purple-barcode-puff-print-t-shirt?variant=40974680785105
Purple Barcode Puff Print T-Shirt,T-Shirts,L,40974680817873,False,36.00,https://hiidef.xyz/products/purple-barcode-puff-print-t-shirt?variant=40974680817873
Purple Barcode Puff Print T-Shirt,T-Shirts,XL,40974680850641,False,36.00,https://hiidef.xyz/products/purple-barcode-puff-print-t-shirt?variant=40974680850641
Purple Barcode Puff Print T-Shirt,T-Shirts,XL,40974680883409,False,36.00,https://hiidef.xyz/products/purple-barcode-puff-print-t-shirt?variant=40974680883409
Button Neck Heat Sensitive Crewneck,,S,40950460088529,False,144.00,https://hiidef.xyz/products/button-collar-heat-sensitive-crewneck?variant=40950460088529
Button Neck Heat Sensitive Crewneck,,M,40950460121297,False,144.00,https://hiidef.xyz/products/button-collar-heat-sensitive-crewneck?variant=40950460121297
Button Neck Heat Sensitive Crewneck,,L,40950460154065,False,144.00,https://hiidef.xyz/products/button-collar-heat-sensitive-crewneck?variant=40950460154065
Button Neck Heat Sensitive Crewneck,,XL,40950460186833,False,144.00,https://hiidef.xyz/products/button-collar-heat-sensitive-crewneck?variant=40950460186833
Button Neck Heat Sensitive Crewneck,,XL,40950460219601,False,144.00,https://hiidef.xyz/products/button-collar-heat-sensitive-crewneck?variant=40950460219601
Pink Hii-Jet Airbrushed T-Shirt,T-Shirts,S,40900501438673,False,34.00,https://hiidef.xyz/products/pink-hii-jet-t-shirt?variant=40900501438673
Pink Hii-Jet Airbrushed T-Shirt,T-Shirts,M,40900501471441,False,34.00,https://hiidef.xyz/products/pink-hii-jet-t-shirt?variant=40900501471441
Pink Hii-Jet Airbrushed T-Shirt,T-Shirts,L,40900501504209,False,34.00,https://hiidef.xyz/products/pink-hii-jet-t-shirt?variant=40900501504209
Pink Hii-Jet Airbrushed T-Shirt,T-Shirts,XL,40900501536977,False,34.00,https://hiidef.xyz/products/pink-hii-jet-t-shirt?variant=40900501536977
Pink Hii-Jet Airbrushed T-Shirt,T-Shirts,XL,40900501569745,False,34.00,https://hiidef.xyz/products/pink-hii-jet-t-shirt?variant=40900501569745
Olive Green Hii Def House Long Sleeve T-Shirt,T-Shirts,S,40884048527569,False,40.00,https://hiidef.xyz/products/hii-def-house-long-sleeve-t-shirt?variant=40884048527569
Olive Green Hii Def House Long Sleeve T-Shirt,T-Shirts,M,40884048560337,False,40.00,https://hiidef.xyz/products/hii-def-house-long-sleeve-t-shirt?variant=40884048560337
Olive Green Hii Def House Long Sleeve T-Shirt,T-Shirts,L,40884048593105,False,40.00,https://hiidef.xyz/products/hii-def-house-long-sleeve-t-shirt?variant=40884048593105
Olive Green Hii Def House Long Sleeve T-Shirt,T-Shirts,XL,40884048625873,False,40.00,https://hiidef.xyz/products/hii-def-house-long-sleeve-t-shirt?variant=40884048625873
Olive Green Hii Def House Long Sleeve T-Shirt,T-Shirts,XL,40884048658641,False,40.00,https://hiidef.xyz/products/hii-def-house-long-sleeve-t-shirt?variant=40884048658641
Multi Logo Print Long Sleeve Crew (Black Edition),,S,40841225830609,False,70.00,https://hiidef.xyz/products/multi-logo-print-long-sleeve-crew?variant=40841225830609
Multi Logo Print Long Sleeve Crew (Black Edition),,M,40841225863377,False,70.00,https://hiidef.xyz/products/multi-logo-print-long-sleeve-crew?variant=40841225863377
Multi Logo Print Long Sleeve Crew (Black Edition),,L,40841225896145,False,70.00,https://hiidef.xyz/products/multi-logo-print-long-sleeve-crew?variant=40841225896145
Multi Logo Print Long Sleeve Crew (Black Edition),,XL,40841225928913,False,70.00,https://hiidef.xyz/products/multi-logo-print-long-sleeve-crew?variant=40841225928913
Multi Logo Print Long Sleeve Crew (Black Edition),,XL,40841225961681,False,70.00,https://hiidef.xyz/products/multi-logo-print-long-sleeve-crew?variant=40841225961681
Shipping,,,40838992789713,True,15.00,https://hiidef.xyz/products/shipping?variant=40838992789713
Sherpa Trucker Jacket (Blue Edition),,S,40768781582545,False,180.00,https://hiidef.xyz/products/sherpa-trucker-jacket?variant=40768781582545
Sherpa Trucker Jacket (Blue Edition),,M,40768781615313,False,180.00,https://hiidef.xyz/products/sherpa-trucker-jacket?variant=40768781615313
Sherpa Trucker Jacket (Blue Edition),,L,40768781648081,False,180.00,https://hiidef.xyz/products/sherpa-trucker-jacket?variant=40768781648081
Sherpa Trucker Jacket (Blue Edition),,XL,40768781680849,False,180.00,https://hiidef.xyz/products/sherpa-trucker-jacket?variant=40768781680849
Sherpa Trucker Jacket (Blue Edition),,XL,40768781713617,False,180.00,https://hiidef.xyz/products/sherpa-trucker-jacket?variant=40768781713617
Reversible Bomber Jacket,,S,40389962825937,False,150.00,https://hiidef.xyz/products/reversible-bomber-jacket?variant=40389962825937
Reversible Bomber Jacket,,M,40389962858705,False,150.00,https://hiidef.xyz/products/reversible-bomber-jacket?variant=40389962858705
Reversible Bomber Jacket,,L,40389962891473,False,150.00,https://hiidef.xyz/products/reversible-bomber-jacket?variant=40389962891473
Reversible Bomber Jacket,,XL,40389962924241,False,150.00,https://hiidef.xyz/products/reversible-bomber-jacket?variant=40389962924241
Reversible Bomber Jacket,,XL,40389962957009,False,150.00,https://hiidef.xyz/products/reversible-bomber-jacket?variant=40389962957009
Barcode Puff Print T-Shirt,T-Shirts,S,40328688894161,False,42.00,https://hiidef.xyz/products/barcode-puff-print-t-shirt-1?variant=40328688894161
Barcode Puff Print T-Shirt,T-Shirts,M,40328688926929,False,42.00,https://hiidef.xyz/products/barcode-puff-print-t-shirt-1?variant=40328688926929
Barcode Puff Print T-Shirt,T-Shirts,L,40328688959697,False,42.00,https://hiidef.xyz/products/barcode-puff-print-t-shirt-1?variant=40328688959697
Barcode Puff Print T-Shirt,T-Shirts,XL,40328688992465,False,42.00,https://hiidef.xyz/products/barcode-puff-print-t-shirt-1?variant=40328688992465
Barcode Puff Print T-Shirt,T-Shirts,XL,40328689025233,False,42.00,https://hiidef.xyz/products/barcode-puff-print-t-shirt-1?variant=40328689025233
Barcode Puff Print T-Shirt,T-Shirts,S,40052033945809,False,38.00,https://hiidef.xyz/products/barcode-puff-print-t-shirt?variant=40052033945809
Barcode Puff Print T-Shirt,T-Shirts,M,40052033978577,False,38.00,https://hiidef.xyz/products/barcode-puff-print-t-shirt?variant=40052033978577
Barcode Puff Print T-Shirt,T-Shirts,L,40052034011345,False,38.00,https://hiidef.xyz/products/barcode-puff-print-t-shirt?variant=40052034011345
Barcode Puff Print T-Shirt,T-Shirts,XL,40052034044113,False,38.00,https://hiidef.xyz/products/barcode-puff-print-t-shirt?variant=40052034044113
Barcode Puff Print T-Shirt,T-Shirts,XL,40052034076881,False,38.00,https://hiidef.xyz/products/barcode-puff-print-t-shirt?variant=40052034076881
Cloud Dye Embroidered Logo Crewneck Sweatshirt,Sweatshirts,S,40019408879825,False,92.00,https://hiidef.xyz/products/cloud-dye-embroidered-logo-crewneck-sweatshirt?variant=40019408879825
Cloud Dye Embroidered Logo Crewneck Sweatshirt,Sweatshirts,M,40019408912593,False,92.00,https://hiidef.xyz/products/cloud-dye-embroidered-logo-crewneck-sweatshirt?variant=40019408912593
Cloud Dye Embroidered Logo Crewneck Sweatshirt,Sweatshirts,L,40019408945361,False,92.00,https://hiidef.xyz/products/cloud-dye-embroidered-logo-crewneck-sweatshirt?variant=40019408945361
Cloud Dye Embroidered Logo Crewneck Sweatshirt,Sweatshirts,XL,40019408978129,False,92.00,https://hiidef.xyz/products/cloud-dye-embroidered-logo-crewneck-sweatshirt?variant=40019408978129
Cloud Dye Embroidered Logo Crewneck Sweatshirt,Sweatshirts,XL,40019409010897,False,92.00,https://hiidef.xyz/products/cloud-dye-embroidered-logo-crewneck-sweatshirt?variant=40019409010897
